product_id,product_title,rating,total_reviews,price,top_reviews
itm8d76a9b476932,"Samsung Galaxy S25 Plus 5G (Silver Shadow, 256 GB)",4.7,44,"‚Çπ74,999","Camera is good but could have been better, rest all far better than my old iphone 11, loving it, performance is super, battery is lasting me more than 1 day (using light performance mode), screen is amazing even in FHD, screen on time would be around 9 hrs. UI is THE best, speakers are nice, Samsung AI features are amazing. || I wanted to experience something new. Upgraded from Here are few things i need to point out 1 - Camera is Good but need updates Camera needs to be optimised 2 - Performance is just great  but phone is heating which is causing battery draning issue 3 - battery is too bad it's just giving 3 to 4 hours of screen on time.. Overall the phone is good But I'm disappointed in BATTERY Samsung need to roll out updates soon to optimised battery , and improving camera || Good phone, Camera is good, design and performance is also good. But taking everything in totality, price is little higher || Ordered on Nov 2025. Received Oct 2025 manufactured phone. So no issues and it's not a preactivated phone. Device warranty started from the date of purchase. So No Worries about the genuineness of the device. ‚ô° Battery is very good with single sim. ‚ô° Display is the best in class. Absolutely loving watching 4K videos in this phone. ‚ô° Network reception is very good. Received 4G full coverage (2MBps+) in my BSNL. ‚ô° Speakers are loud, but not that detailed. At last, ‚ô°‚ô° OneUI is a absolute tre... || This is the best phone i have ever purchasedüî•üòç || Super excellent phone || Awesome! Thank you so much. Delivered fast and amazing. good services product. || Impressed with the performance. Value for money.camera zoom quality is really good. || Best flagship phone of 2025 || Excellent"
itm5d4bdb068f418,"Samsung Galaxy S25 Plus 5G (Navy, 256 GB)",4.7,44,"‚Çπ74,999","Camera is good but could have been better, rest all far better than my old iphone 11, loving it, performance is super, battery is lasting me more than 1 day (using light performance mode), screen is amazing even in FHD, screen on time would be around 9 hrs. UI is THE best, speakers are nice, Samsung AI features are amazing. || I wanted to experience something new. Upgraded from Here are few things i need to point out 1 - Camera is Good but need updates Camera needs to be optimised 2 - Performance is just great  but phone is heating which is causing battery draning issue 3 - battery is too bad it's just giving 3 to 4 hours of screen on time.. Overall the phone is good But I'm disappointed in BATTERY Samsung need to roll out updates soon to optimised battery , and improving camera || Good phone, Camera is good, design and performance is also good. But taking everything in totality, price is little higher || Ordered on Nov 2025. Received Oct 2025 manufactured phone. So no issues and it's not a preactivated phone. Device warranty started from the date of purchase. So No Worries about the genuineness of the device. ‚ô° Battery is very good with single sim. ‚ô° Display is the best in class. Absolutely loving watching 4K videos in this phone. ‚ô° Network reception is very good. Received 4G full coverage (2MBps+) in my BSNL. ‚ô° Speakers are loud, but not that detailed. At last, ‚ô°‚ô° OneUI is a absolute tre... || This is the best phone i have ever purchasedüî•üòç || Super excellent phone || Awesome! Thank you so much. Delivered fast and amazing. good services product. || Impressed with the performance. Value for money.camera zoom quality is really good. || Best flagship phone of 2025 || Excellent"
itm88c024d0e31d2,"Samsung Galaxy S25 Plus 5G (Navy, 512 GB)",4.7,44,"‚Çπ86,999","Camera is good but could have been better, rest all far better than my old iphone 11, loving it, performance is super, battery is lasting me more than 1 day (using light performance mode), screen is amazing even in FHD, screen on time would be around 9 hrs. UI is THE best, speakers are nice, Samsung AI features are amazing. || I wanted to experience something new. Upgraded from Here are few things i need to point out 1 - Camera is Good but need updates Camera needs to be optimised 2 - Performance is just great  but phone is heating which is causing battery draning issue 3 - battery is too bad it's just giving 3 to 4 hours of screen on time.. Overall the phone is good But I'm disappointed in BATTERY Samsung need to roll out updates soon to optimised battery , and improving camera || Good phone, Camera is good, design and performance is also good. But taking everything in totality, price is little higher || Ordered on Nov 2025. Received Oct 2025 manufactured phone. So no issues and it's not a preactivated phone. Device warranty started from the date of purchase. So No Worries about the genuineness of the device. ‚ô° Battery is very good with single sim. ‚ô° Display is the best in class. Absolutely loving watching 4K videos in this phone. ‚ô° Network reception is very good. Received 4G full coverage (2MBps+) in my BSNL. ‚ô° Speakers are loud, but not that detailed. At last, ‚ô°‚ô° OneUI is a absolute tre... || This is the best phone i have ever purchasedüî•üòç || Super excellent phone || Awesome! Thank you so much. Delivered fast and amazing. good services product. || Impressed with the performance. Value for money.camera zoom quality is really good. || Best flagship phone of 2025 || Excellent"
itm277a7d1824e44,"Samsung Galaxy S25 5G (Navy, 256 GB)",4.6,317,"‚Çπ74,999","Just loving it. the mobile in hand feels very nice. very good user interface. Battery and Camera not upto the mark. Performance is Excellent.. || Amazing Camera , performance and software optimisation. Full Power Packed Smartphone. || Beyond Expectation. Top notch performance. No heating issue. Battery till now üëç. || Snapdragon 8 elite with UFS 4 storage is ultra fast. 75mb application takes below 1 sec for installation on this device. One UI7 feels butter smooth on this device. No such heating issues. Battery lasts 1.2 day with normal usage. Happy with the purchase. || Samsung Galaxy S25 is Powerful Phone üì± I'm Very Happy üòä Camera is so Better. Proformance is great üëç . || Every aspect full checked ‚úîÔ∏è.  Better than any iphones. || S25 is much better than I phone 16 with respect  to camera clarity and performance || A compact Phone with beast performance, great camera and a decent battery .. over-all a good choice .. || Here's a short review: _My Samsung Galaxy S25 Experience: 5/5 Stars!_ I'm loving S25! The performance is lightning-fast, camera is amazing (especially in low light), and battery life is impressive. The display is stunning. Highly recommend for heavy users, gamers, and photography enthusiasts! || The camera captures vibrant, sharp photos, even in low light. The 6.1-inch AMOLED display is stunning with smooth 120Hz refresh rate. Performance is fast, handling multitasking and gaming with ease. Battery life is solid and charges quickly. Highly recommend!"
itm3c1e495903acc,"Samsung Galaxy S25 5G (Icyblue, 256 GB)",4.6,317,"‚Çπ74,999","Just loving it. the mobile in hand feels very nice. very good user interface. Battery and Camera not upto the mark. Performance is Excellent.. || Amazing Camera , performance and software optimisation. Full Power Packed Smartphone. || Beyond Expectation. Top notch performance. No heating issue. Battery till now üëç. || Snapdragon 8 elite with UFS 4 storage is ultra fast. 75mb application takes below 1 sec for installation on this device. One UI7 feels butter smooth on this device. No such heating issues. Battery lasts 1.2 day with normal usage. Happy with the purchase. || Samsung Galaxy S25 is Powerful Phone üì± I'm Very Happy üòä Camera is so Better. Proformance is great üëç . || Every aspect full checked ‚úîÔ∏è.  Better than any iphones. || S25 is much better than I phone 16 with respect  to camera clarity and performance || A compact Phone with beast performance, great camera and a decent battery .. over-all a good choice .. || Here's a short review: _My Samsung Galaxy S25 Experience: 5/5 Stars!_ I'm loving S25! The performance is lightning-fast, camera is amazing (especially in low light), and battery life is impressive. The display is stunning. Highly recommend for heavy users, gamers, and photography enthusiasts! || The camera captures vibrant, sharp photos, even in low light. The 6.1-inch AMOLED display is stunning with smooth 120Hz refresh rate. Performance is fast, handling multitasking and gaming with ease. Battery life is solid and charges quickly. Highly recommend!"
itm413a5c3f30151,"Samsung Galaxy S25 Ultra 5G (Titanium Silverblue, 256 GB)",4.6,260,"‚Çπ1,25,900","Overall Excellent phone || Excellent Product...I just loved it ‚ù§Ô∏è || Excellent phone, Display superb. Camera good. Performance fast. Overall satisfied with upgrade to S23 Ultra. || Nice Mobile || Just one word Beast üí™( all rounder) ,just go for it || Overall great experience. || 25 Ultra, you beauty! üî•üíØ || Awesome product with best exchange price. || Overall excellent product || Totally worth it, just shifted from an iPhone, was worried that I won't like the interface but no, this phone feels great and very premium in your hands, loved the design and features and the performance it delivers will blow your mind"
itm2ce28bbf75993,"Samsung Galaxy S25 Ultra 5G (Titanium Silverblue, 512 GB)",4.6,260,"‚Çπ1,41,999","Overall Excellent phone || Excellent Product...I just loved it ‚ù§Ô∏è || Excellent phone, Display superb. Camera good. Performance fast. Overall satisfied with upgrade to S23 Ultra. || Nice Mobile || Just one word Beast üí™( all rounder) ,just go for it || Overall great experience. || 25 Ultra, you beauty! üî•üíØ || Awesome product with best exchange price. || Overall excellent product || Totally worth it, just shifted from an iPhone, was worried that I won't like the interface but no, this phone feels great and very premium in your hands, loved the design and features and the performance it delivers will blow your mind"
itm566994e00dfc0,"Samsung S25 Ultra 5G (Titanium Gray, 256 GB)",4.7,24,"‚Çπ1,29,999","Final boss in this year! üò§üî• || Cameras Performance are too good || Perfect Phone || Top class Beast || Beast || Premiums experience. Super Camera quality. || Very best phone i like üëç || Switching to Samsung from iPhone 15 now seems to be worth it ! I was using iOS for the past 5 years and was getting bored of it. There are lot of great features that S25 ultra has and i will mention a few pros and cons. Pros: Performance: With Snapdragon elite it is a breeze multitasking and running any game or app. Connectivity: it manages to get signal reception even in secluded places. Camera: Portrait mode is really great. Video has improved too. Periscope zoom is  great. Built quality: ... || Best phone i have ever bought, best point AI features..best in the market go for it. || Best phone but product packaging is very bed"
itm40a42309a03b1,"Samsung Galaxy S24 Ultra 5G (Titanium Violet, 256 GB)",4.6,554,"‚Çπ1,09,989","Awesome || Amazing Products üëè ü§© || Best in night photography || Android King ü§¥ All-rounder phone üì± All in one üíØüéä || Best mobile for photography Charging wise also good No issues at all. Giving my review after using it almost 50 days. || Excellent || Awesome Display and Camera. Battery performance is also good. || Superb product great in every aspect. Go for it || What a fantastic mobile it is. Camera is the best, performance is the best,  look and feel is very rich. Display is Ultra HD. The best of best. || Nice performance of camera and other features.. Samsung always great..,"
itm12ef5ea0212ed,"Samsung Galaxy S24 Ultra 5G (Titanium Gray, 256 GB)",4.6,554,"‚Çπ98,500","Awesome || Amazing Products üëè ü§© || Best in night photography || Android King ü§¥ All-rounder phone üì± All in one üíØüéä || Best mobile for photography Charging wise also good No issues at all. Giving my review after using it almost 50 days. || Excellent || Awesome Display and Camera. Battery performance is also good. || Superb product great in every aspect. Go for it || What a fantastic mobile it is. Camera is the best, performance is the best,  look and feel is very rich. Display is Ultra HD. The best of best. || Nice performance of camera and other features.. Samsung always great..,"
itm0eb31619428e4,"Samsung Galaxy S24 5G Snapdragon (Onyx Black, 256 GB)",4.6,"2,879","‚Çπ49,999","Just looking like a wow || The phone offers exceptional performance. The camera's capabilities are impressive. The user interface is highly intuitive. It is exceptionally user-friendly. || Everything is just excellent but only battery is average || Hi All. I am writing this review based on my 1 week usage. I bought it in the BBD Sale only. First of all I upgraded from S22 (Base) which i used for more than 1 year but the main problem was battery issue and heating. Did the upgrade was good I will tell you that it was great. I will also compare s24 with previous s22 + Pros * Camera is Great nothing particularly to tell about it. Because even i upgrade from S22 for last several years the camera software is same for samsung. * Processor I... || After using S24 for 4 days am writing this review overall a good compact and a handy phone if you want a beast camera, clean UI, battery backup is slightly less but it's okay for average use if you want a mobile for daily gaming than the battery backup will be lesser.If you want good handy Samsung phone than go for itüôå || It's camera, galaxy AI features,circle to search,high peak brightness, telephoto camera,more customization options, display,samsung inbuit apps,privacy features, sound quality i could say I'm obsessed with samsung.. i wanted to buy i phone but i don't know why i bought this...and i can say this is the best and worthy decision i've made so far... || Powerful performance, excellent display,compact size and amazing camera making it an allrounder phone. The only drawback is battery life. || Camera qulity and build qulity , sound qulity of this phon is oustanding. But normal hitting isshue experiance in this phone || The form factor, the size, the weight, its awsome. It always feels like a precious piece of jewelry ‚ú®Ô∏è. Especially in this particular color the bezels feels lot thinner.The software is extremely optimized. One UI is a bliss. The hardware with Snapdragon 8 Gen 3 literally delivers lightning fast performance. The battery performs all day and ends up with around 20%. The camera is good, but not the best. And the price i bought the 256 variant was a steal deal. || I feel the phone is getting hot very fastly apart from that camera and performance is good"
itm8f6413060b707,"Samsung Galaxy S24 5G Snapdragon (Marble Gray, 128 GB)",4.6,"2,879","‚Çπ44,999","Just looking like a wow || The phone offers exceptional performance. The camera's capabilities are impressive. The user interface is highly intuitive. It is exceptionally user-friendly. || Everything is just excellent but only battery is average || Hi All. I am writing this review based on my 1 week usage. I bought it in the BBD Sale only. First of all I upgraded from S22 (Base) which i used for more than 1 year but the main problem was battery issue and heating. Did the upgrade was good I will tell you that it was great. I will also compare s24 with previous s22 + Pros * Camera is Great nothing particularly to tell about it. Because even i upgrade from S22 for last several years the camera software is same for samsung. * Processor I... || After using S24 for 4 days am writing this review overall a good compact and a handy phone if you want a beast camera, clean UI, battery backup is slightly less but it's okay for average use if you want a mobile for daily gaming than the battery backup will be lesser.If you want good handy Samsung phone than go for itüôå || It's camera, galaxy AI features,circle to search,high peak brightness, telephoto camera,more customization options, display,samsung inbuit apps,privacy features, sound quality i could say I'm obsessed with samsung.. i wanted to buy i phone but i don't know why i bought this...and i can say this is the best and worthy decision i've made so far... || Powerful performance, excellent display,compact size and amazing camera making it an allrounder phone. The only drawback is battery life. || Camera qulity and build qulity , sound qulity of this phon is oustanding. But normal hitting isshue experiance in this phone || The form factor, the size, the weight, its awsome. It always feels like a precious piece of jewelry ‚ú®Ô∏è. Especially in this particular color the bezels feels lot thinner.The software is extremely optimized. One UI is a bliss. The hardware with Snapdragon 8 Gen 3 literally delivers lightning fast performance. The battery performs all day and ends up with around 20%. The camera is good, but not the best. And the price i bought the 256 variant was a steal deal. || I feel the phone is getting hot very fastly apart from that camera and performance is good"
itmc60e0c4fb63b7,"Samsung Galaxy S24 5G Snapdragon (Marble Gray, 256 GB)",4.6,"2,879","‚Çπ49,999","Just looking like a wow || The phone offers exceptional performance. The camera's capabilities are impressive. The user interface is highly intuitive. It is exceptionally user-friendly. || Everything is just excellent but only battery is average || Hi All. I am writing this review based on my 1 week usage. I bought it in the BBD Sale only. First of all I upgraded from S22 (Base) which i used for more than 1 year but the main problem was battery issue and heating. Did the upgrade was good I will tell you that it was great. I will also compare s24 with previous s22 + Pros * Camera is Great nothing particularly to tell about it. Because even i upgrade from S22 for last several years the camera software is same for samsung. * Processor I... || After using S24 for 4 days am writing this review overall a good compact and a handy phone if you want a beast camera, clean UI, battery backup is slightly less but it's okay for average use if you want a mobile for daily gaming than the battery backup will be lesser.If you want good handy Samsung phone than go for itüôå || It's camera, galaxy AI features,circle to search,high peak brightness, telephoto camera,more customization options, display,samsung inbuit apps,privacy features, sound quality i could say I'm obsessed with samsung.. i wanted to buy i phone but i don't know why i bought this...and i can say this is the best and worthy decision i've made so far... || Powerful performance, excellent display,compact size and amazing camera making it an allrounder phone. The only drawback is battery life. || Camera qulity and build qulity , sound qulity of this phon is oustanding. But normal hitting isshue experiance in this phone || The form factor, the size, the weight, its awsome. It always feels like a precious piece of jewelry ‚ú®Ô∏è. Especially in this particular color the bezels feels lot thinner.The software is extremely optimized. One UI is a bliss. The hardware with Snapdragon 8 Gen 3 literally delivers lightning fast performance. The battery performs all day and ends up with around 20%. The camera is good, but not the best. And the price i bought the 256 variant was a steal deal. || I feel the phone is getting hot very fastly apart from that camera and performance is good"
itmfe749ceddac9a,"Google Pixel 9A (Porcelain, 256 GB)",4.5,422,"‚Çπ39,999","Best in hand feel, performance  and good camera...  Don't believe in negative comments... and youtubers, other companies phone are worst looking ugly looking, samsung phones are same looking and iphone is different operating system , if you are looking for Android  then this is the best in class || Excellent camera and great performance || Camera - Awesome Battery - all day running Design - 5‚òÖ || Camera's ultra HDR feature needs an update to be fixed. The blurring of the background is on point. I'm sure the software update will fix the TRAIL things used here. The design is fantastic, it just heats a lot. || Overall rating - 4.7/5 Pros: 1. Excellent camera 2. Improved battery backup 3. Buttery smooth UI 4. Useful AI features 5. 7 years of software support 6. Quality display 7. Compact form factor Cons: 1. Camera module placing/design could have done better for better aesthetics (my personal opinion) 2. Display bezel thickness is more compared to competitors (you will get used to it within a day, so manageable) 3. Slow charging || Overall mobile is good as per performance,but disappointed for battery charging time check out a few photos sample attached || Excellent phone || To keep it very simple, this phone can be termed as an iPhone with Android. It was mainly that the camera and  battery were too good!! || Upgraded to 9A after using pixel 4A for a good 4.5 years.  I was really happy and satisfied using the pixel 4A. Many times added the Pixel 8A to the cart but never purchased it bcoz of xyz reasons... I wanted something more.... Was very eagerly waiting for the availability of 9A, and finally just grabbed it on the launch day. Short reviews are 4 days of use : Pros - - Fantastic IRIS colour looks stunning - Great Camera offcourse - Pure stock android experience (coming from 4A didn't wa... || Very Good üòäüíØ"
itmb2ce6b5391689,"Google Pixel 9A (Iris, 256 GB)",4.5,422,"‚Çπ39,999","Best in hand feel, performance  and good camera...  Don't believe in negative comments... and youtubers, other companies phone are worst looking ugly looking, samsung phones are same looking and iphone is different operating system , if you are looking for Android  then this is the best in class || Excellent camera and great performance || Camera - Awesome Battery - all day running Design - 5‚òÖ || Camera's ultra HDR feature needs an update to be fixed. The blurring of the background is on point. I'm sure the software update will fix the TRAIL things used here. The design is fantastic, it just heats a lot. || Overall rating - 4.7/5 Pros: 1. Excellent camera 2. Improved battery backup 3. Buttery smooth UI 4. Useful AI features 5. 7 years of software support 6. Quality display 7. Compact form factor Cons: 1. Camera module placing/design could have done better for better aesthetics (my personal opinion) 2. Display bezel thickness is more compared to competitors (you will get used to it within a day, so manageable) 3. Slow charging || Overall mobile is good as per performance,but disappointed for battery charging time check out a few photos sample attached || Excellent phone || To keep it very simple, this phone can be termed as an iPhone with Android. It was mainly that the camera and  battery were too good!! || Upgraded to 9A after using pixel 4A for a good 4.5 years.  I was really happy and satisfied using the pixel 4A. Many times added the Pixel 8A to the cart but never purchased it bcoz of xyz reasons... I wanted something more.... Was very eagerly waiting for the availability of 9A, and finally just grabbed it on the launch day. Short reviews are 4 days of use : Pros - - Fantastic IRIS colour looks stunning - Great Camera offcourse - Pure stock android experience (coming from 4A didn't wa... || Very Good üòäüíØ"
itmf9d1fcfa566cf,"Google Pixel 9A (Obsidian, 256 GB)",4.5,422,"‚Çπ39,999","Best in hand feel, performance  and good camera...  Don't believe in negative comments... and youtubers, other companies phone are worst looking ugly looking, samsung phones are same looking and iphone is different operating system , if you are looking for Android  then this is the best in class || Excellent camera and great performance || Camera - Awesome Battery - all day running Design - 5‚òÖ || Camera's ultra HDR feature needs an update to be fixed. The blurring of the background is on point. I'm sure the software update will fix the TRAIL things used here. The design is fantastic, it just heats a lot. || Overall rating - 4.7/5 Pros: 1. Excellent camera 2. Improved battery backup 3. Buttery smooth UI 4. Useful AI features 5. 7 years of software support 6. Quality display 7. Compact form factor Cons: 1. Camera module placing/design could have done better for better aesthetics (my personal opinion) 2. Display bezel thickness is more compared to competitors (you will get used to it within a day, so manageable) 3. Slow charging || Overall mobile is good as per performance,but disappointed for battery charging time check out a few photos sample attached || Excellent phone || To keep it very simple, this phone can be termed as an iPhone with Android. It was mainly that the camera and  battery were too good!! || Upgraded to 9A after using pixel 4A for a good 4.5 years.  I was really happy and satisfied using the pixel 4A. Many times added the Pixel 8A to the cart but never purchased it bcoz of xyz reasons... I wanted something more.... Was very eagerly waiting for the availability of 9A, and finally just grabbed it on the launch day. Short reviews are 4 days of use : Pros - - Fantastic IRIS colour looks stunning - Great Camera offcourse - Pure stock android experience (coming from 4A didn't wa... || Very Good üòäüíØ"
itm180af25bcc197,"Google Pixel 10 (Frost, 256 GB)",4.5,95,"‚Çπ74,999","After using Pixel 4a for 5 years, I have been really impressed with the Pixel 10, the AI features are super useful, the camera quality is excellent, display is bright and smooth, wireless charging is convenient with magsafe, and the 7-year update promise gives real peace of mind. It's always the best stock android experience with pixel phones. The camera update is really amazing. There are many other features are added in pixel 10 along with faster storage. Do not compare benchmark scores wit... || Captures crisp, detailed photos with excellent AI enhancements that feel natural and smart. Smooth performance and reliable speed make it great. || Very nice camera, phone is very fast , battery is also good. 9 out of 10. || Got my phone today and this phone ticks several of the gaps seen in earlier devices like poor battery life, and severe heating (I've been a Pixel phone user for over 5 years (Pixel 4a and then Pixel 7). Pros - Inimitable clean Pixel OS experience - Brilliant camera quality - Optical zoom - Classy in terms of look and feel - Decent battery life - Powerful OS - AI integration - Display is brilliant Cons - Phone warms up to some extent (but not hot as earlier pixel devices) || Overall good product, but the front camera quality is lacking compared to similar-priced phones. || Received the phone a day earlier than promised, so the delivery and exchange experience was extremely wonderful. But there's no experience for unboxing as there's nothing else in the box apart from the phone and charging cable (no screen protection film on the phone as well). Upgraded from Nothing Phone 1 and can clearly feel the flagship difference. This phone is a perfect balance of features, design and functionality. Cameras need no mention for pixel phones, good job overall Google! Hope... || Switched from iPhone 12 to Pixel 10. Worth the change || Excellent performance according to price and pixel upgrades are awesome level. || Top notch device, smooth with display, high end on Camera, superb design and sleek to handle || Awesome....."
itmb9d9694811d2e,"Google Pixel 10 (Lemongrass, 256 GB)",4.5,95,"‚Çπ74,999","After using Pixel 4a for 5 years, I have been really impressed with the Pixel 10, the AI features are super useful, the camera quality is excellent, display is bright and smooth, wireless charging is convenient with magsafe, and the 7-year update promise gives real peace of mind. It's always the best stock android experience with pixel phones. The camera update is really amazing. There are many other features are added in pixel 10 along with faster storage. Do not compare benchmark scores wit... || Captures crisp, detailed photos with excellent AI enhancements that feel natural and smart. Smooth performance and reliable speed make it great. || Very nice camera, phone is very fast , battery is also good. 9 out of 10. || Got my phone today and this phone ticks several of the gaps seen in earlier devices like poor battery life, and severe heating (I've been a Pixel phone user for over 5 years (Pixel 4a and then Pixel 7). Pros - Inimitable clean Pixel OS experience - Brilliant camera quality - Optical zoom - Classy in terms of look and feel - Decent battery life - Powerful OS - AI integration - Display is brilliant Cons - Phone warms up to some extent (but not hot as earlier pixel devices) || Overall good product, but the front camera quality is lacking compared to similar-priced phones. || Received the phone a day earlier than promised, so the delivery and exchange experience was extremely wonderful. But there's no experience for unboxing as there's nothing else in the box apart from the phone and charging cable (no screen protection film on the phone as well). Upgraded from Nothing Phone 1 and can clearly feel the flagship difference. This phone is a perfect balance of features, design and functionality. Cameras need no mention for pixel phones, good job overall Google! Hope... || Switched from iPhone 12 to Pixel 10. Worth the change || Excellent performance according to price and pixel upgrades are awesome level. || Top notch device, smooth with display, high end on Camera, superb design and sleek to handle || Awesome....."
itm06bd3add90074,"Google Pixel 10 (Obsidian, 256 GB)",4.5,95,"‚Çπ74,999","After using Pixel 4a for 5 years, I have been really impressed with the Pixel 10, the AI features are super useful, the camera quality is excellent, display is bright and smooth, wireless charging is convenient with magsafe, and the 7-year update promise gives real peace of mind. It's always the best stock android experience with pixel phones. The camera update is really amazing. There are many other features are added in pixel 10 along with faster storage. Do not compare benchmark scores wit... || Captures crisp, detailed photos with excellent AI enhancements that feel natural and smart. Smooth performance and reliable speed make it great. || Very nice camera, phone is very fast , battery is also good. 9 out of 10. || Got my phone today and this phone ticks several of the gaps seen in earlier devices like poor battery life, and severe heating (I've been a Pixel phone user for over 5 years (Pixel 4a and then Pixel 7). Pros - Inimitable clean Pixel OS experience - Brilliant camera quality - Optical zoom - Classy in terms of look and feel - Decent battery life - Powerful OS - AI integration - Display is brilliant Cons - Phone warms up to some extent (but not hot as earlier pixel devices) || Overall good product, but the front camera quality is lacking compared to similar-priced phones. || Received the phone a day earlier than promised, so the delivery and exchange experience was extremely wonderful. But there's no experience for unboxing as there's nothing else in the box apart from the phone and charging cable (no screen protection film on the phone as well). Upgraded from Nothing Phone 1 and can clearly feel the flagship difference. This phone is a perfect balance of features, design and functionality. Cameras need no mention for pixel phones, good job overall Google! Hope... || Switched from iPhone 12 to Pixel 10. Worth the change || Excellent performance according to price and pixel upgrades are awesome level. || Top notch device, smooth with display, high end on Camera, superb design and sleek to handle || Awesome....."
itm5364256d5efe2,"Google Pixel 9 (Porcelain, 256 GB)",4.6,"1,251","‚Çπ79,999","Outstanding ü•∞ loved it || Overall experience superb.. || Great experience so far! Design is awesome! Camera is 9/10 Battery 9/10 Performance 10/10 Design 10/10 Sound 10/10 Video 10/10 (2160P on YT) || Upgraded from Pixel 4A to Pixel 9. Fantastic upgrade, improved camera, solid built quality, no heating issue, amazing photo editing software and much long lasted battery than my previous one. Overall feels very smooth performance and wonderful AI experience. || I am very happy this Pixel exists. The phone is fast, feels like it already knows your next step/action. No stutters, don't fall for criticism on G4, I had my doubts now I don't, it's very well optimised üëå If you want that peak raw performance for very heavy tasks then this might not be for you. I played codm and bgmi for an hour straight didn't heat and gameplay was good and daily usage is smooth af! Pixel UI is just a bliss to use ü´∂ Camera I need not mention, it's really good, vide... || Amazing phone in this price || Sharing my 2 months experience with pixel 9 is going great in all aspects. I have upgraded from Pixel 6a to Pixel 9.. And there are a lot of improvements in Camera, Battery life, Phone heating issue. Overall, I loved the Pixel 9 and the camera is amazing and can easily beat recent Iphone Cameras. Attached photos and video for camera quality. Wintergreen color is Awesome. || Camera with this phone just kills my iphone 14 pro. Now i want to switch from from ios to android this thing is so good and smooth. || Awasome...the best. || Review from a long term Iphone User: ( Exchanged my Iphone 14Pro) Camera Performance: The Pixel 9's camera has consistently impressed me, particularly in low-light environments. The AI-driven image processing is exceptional, capturing intricate details and vibrant colors. While I have occasionally observed slight overexposure or blown-out highlights in bright lighting conditions, these are minor issues that don't significantly detract from the overall quality. I believe a software update co..."
itm1e38d5ea8a0b4,"vivo X300 (Elite Black, 256 GB)",4.7,79,"‚Çπ75,999","I am really satisfied || Fabulous camera love it.... || Best camera Battery Looking nice üëçüèø || You should thank me later guys just go for it || Excellent worth the price üëåüëåüëå || Better than iphone 17 || Excellent mobile and it was Compact and the display, camera, battery, especially speakers.Everything perfect.without investigation go with itü§© || Camera awesome üëç || Very good product cemara is the best photo so it is compostable thank you so much Vivo || One of the best phone ü§≥"
itm1e38d5ea8a0b4,"vivo X300 (Mist Blue, 256 GB)",4.7,79,"‚Çπ75,999","I am really satisfied || Fabulous camera love it.... || Best camera Battery Looking nice üëçüèø || You should thank me later guys just go for it || Excellent worth the price üëåüëåüëå || Better than iphone 17 || Excellent mobile and it was Compact and the display, camera, battery, especially speakers.Everything perfect.without investigation go with itü§© || Camera awesome üëç || Very good product cemara is the best photo so it is compostable thank you so much Vivo || One of the best phone ü§≥"
itm1e38d5ea8a0b4,"vivo X300 (Summit Red, 256 GB)",4.7,79,"‚Çπ75,999",No reviews found
itm017656bdd097b,"vivo T4x 5G (Pronto Purple, 128 GB)",4.5,"9,011","‚Çπ15,499","Very good phone im very happy üòäüòä || Thanks vivo thanks flipkart üòä || Very good Phone in this price segment || Best Phone in this Price Range. Pros :- 1. Camera :- Back Camera - 5/5 Front Camera - 3/5 2. Battery - 4/5 (1 day backup with heavy usage, 2 Days with Moderate Use) 3. Display - 4/5 (Good Display) 4. Performance - 4/5 (Satisfied in this Price Range) 5. Charging - 5/5 ( Take Approximately 1 h 30 m to charge 0% to 100%). 6. Network Connectivity - 5/5 (99% times it shows 5G+) Cons :- 1. Audio Jack Not Available. 2. Front Camera is only of 8 mp. 3. On Screen Fingerprint Sensor is not ... || Nice product ‚ù§Ô∏è || Best segment phone Very good budget phone allrounder phone || Good || Value for money Go for it || outstanding phone in this segmentüî•üî•‚úÖ"
itm017656bdd097b,"vivo T4x 5G (Glacial Teal, 128 GB)",4.5,"9,011","‚Çπ15,499","Very good phone im very happy üòäüòä || Thanks vivo thanks flipkart üòä || Very good Phone in this price segment || Best Phone in this Price Range. Pros :- 1. Camera :- Back Camera - 5/5 Front Camera - 3/5 2. Battery - 4/5 (1 day backup with heavy usage, 2 Days with Moderate Use) 3. Display - 4/5 (Good Display) 4. Performance - 4/5 (Satisfied in this Price Range) 5. Charging - 5/5 ( Take Approximately 1 h 30 m to charge 0% to 100%). 6. Network Connectivity - 5/5 (99% times it shows 5G+) Cons :- 1. Audio Jack Not Available. 2. Front Camera is only of 8 mp. 3. On Screen Fingerprint Sensor is not ... || Nice product ‚ù§Ô∏è || Best segment phone Very good budget phone allrounder phone || Good || Value for money Go for it || outstanding phone in this segmentüî•üî•‚úÖ"
itm017656bdd097b,"vivo T4x 5G (Marine Blue, 128 GB)",4.5,"9,011","‚Çπ15,499","Very good phone im very happy üòäüòä || Thanks vivo thanks flipkart üòä || Very good Phone in this price segment || Best Phone in this Price Range. Pros :- 1. Camera :- Back Camera - 5/5 Front Camera - 3/5 2. Battery - 4/5 (1 day backup with heavy usage, 2 Days with Moderate Use) 3. Display - 4/5 (Good Display) 4. Performance - 4/5 (Satisfied in this Price Range) 5. Charging - 5/5 ( Take Approximately 1 h 30 m to charge 0% to 100%). 6. Network Connectivity - 5/5 (99% times it shows 5G+) Cons :- 1. Audio Jack Not Available. 2. Front Camera is only of 8 mp. 3. On Screen Fingerprint Sensor is not ... || Nice product ‚ù§Ô∏è || Best segment phone Very good budget phone allrounder phone || Good || Value for money Go for it || outstanding phone in this segmentüî•üî•‚úÖ"
itmc2634fd4daeb9,"vivo T4 5G (Emerald Blaze, 256 GB)",4.5,"4,231","‚Çπ24,999","Awesome || After 2 months use Camera is average not excellent as this budget  (8 out of 10) but battery backup outstanding (10 out of 10) Sound quality is good not outstanding because stereo speaker (9 out of 10) Ultra wide not present this phone Selfie is very good.(8.5 out of 10) After 3-4 hour use a small heat but not over heat thats very for user (9 out of 10) Camera position is odd type basically big size camera    so be careful and use camera glass for safe scratch. Processor is very good 7s ge... || Battery and Charger ‚úÖ Display ‚úÖ Processor and IP rating ‚úÖ But camera is average || All round mobile Camera best Battery üîã woow || This is 8gb 256 gb variant Good for studentsüë© big batteryüîã Fast charging || According to price mobile Performance is so good üëç Battery performance is also üëç Good night üåâ || The Phone is good and display is awesome. The battery backup is excellent. Front camera average and back camera good. Looks beautiful. || Very good || Camera is Decent type, front camera amezing Display top in class. Battery top in class No issue in network All AI features are useful one is missing AI Reflection Remover I think giving in future update, and dual speaker is missing. I'm not gamer but day to day activity not problem. || Its powerful package at this price battery lasts about 2 days and its camera is also good IP 69 rating could have made it best at this segment"
itmc2634fd4daeb9,"vivo T4 5G (Emerald Blaze, 128 GB)",4.5,"4,231","‚Çπ22,999","Awesome || After 2 months use Camera is average not excellent as this budget  (8 out of 10) but battery backup outstanding (10 out of 10) Sound quality is good not outstanding because stereo speaker (9 out of 10) Ultra wide not present this phone Selfie is very good.(8.5 out of 10) After 3-4 hour use a small heat but not over heat thats very for user (9 out of 10) Camera position is odd type basically big size camera    so be careful and use camera glass for safe scratch. Processor is very good 7s ge... || Battery and Charger ‚úÖ Display ‚úÖ Processor and IP rating ‚úÖ But camera is average || All round mobile Camera best Battery üîã woow || This is 8gb 256 gb variant Good for studentsüë© big batteryüîã Fast charging || According to price mobile Performance is so good üëç Battery performance is also üëç Good night üåâ || The Phone is good and display is awesome. The battery backup is excellent. Front camera average and back camera good. Looks beautiful. || Very good || Camera is Decent type, front camera amezing Display top in class. Battery top in class No issue in network All AI features are useful one is missing AI Reflection Remover I think giving in future update, and dual speaker is missing. I'm not gamer but day to day activity not problem. || Its powerful package at this price battery lasts about 2 days and its camera is also good IP 69 rating could have made it best at this segment"
itmc2634fd4daeb9,"vivo T4 5G (Phantom Grey, 256 GB)",4.5,"4,231","‚Çπ24,999","Awesome || After 2 months use Camera is average not excellent as this budget  (8 out of 10) but battery backup outstanding (10 out of 10) Sound quality is good not outstanding because stereo speaker (9 out of 10) Ultra wide not present this phone Selfie is very good.(8.5 out of 10) After 3-4 hour use a small heat but not over heat thats very for user (9 out of 10) Camera position is odd type basically big size camera    so be careful and use camera glass for safe scratch. Processor is very good 7s ge... || Battery and Charger ‚úÖ Display ‚úÖ Processor and IP rating ‚úÖ But camera is average || All round mobile Camera best Battery üîã woow || This is 8gb 256 gb variant Good for studentsüë© big batteryüîã Fast charging || According to price mobile Performance is so good üëç Battery performance is also üëç Good night üåâ || The Phone is good and display is awesome. The battery backup is excellent. Front camera average and back camera good. Looks beautiful. || Very good || Camera is Decent type, front camera amezing Display top in class. Battery top in class No issue in network All AI features are useful one is missing AI Reflection Remover I think giving in future update, and dual speaker is missing. I'm not gamer but day to day activity not problem. || Its powerful package at this price battery lasts about 2 days and its camera is also good IP 69 rating could have made it best at this segment"
